MPXV_3000_1_LEFT	MPXV_3000_1_RIGHT
MPXV_3000_2_LEFT	MPXV_3000_2_RIGHT
MPXV_3000_3_LEFT	MPXV_3000_3_RIGHT
MPXV_3000_4_LEFT	MPXV_3000_4_RIGHT
MPXV_3000_5_LEFT	MPXV_3000_5_RIGHT
MPXV_3000_6_LEFT	MPXV_3000_6_RIGHT
MPXV_3000_7_LEFT	MPXV_3000_7_RIGHT
MPXV_3000_8_LEFT	MPXV_3000_8_RIGHT
MPXV_3000_9_LEFT	MPXV_3000_9_RIGHT
MPXV_3000_10_LEFT	MPXV_3000_10_RIGHT
MPXV_3000_11_LEFT	MPXV_3000_11_RIGHT
MPXV_3000_12_LEFT	MPXV_3000_12_RIGHT
MPXV_3000_13_LEFT	MPXV_3000_13_RIGHT
MPXV_3000_14_LEFT	MPXV_3000_14_RIGHT
MPXV_3000_15_LEFT	MPXV_3000_15_RIGHT
MPXV_3000_16_LEFT	MPXV_3000_16_RIGHT
MPXV_3000_17_LEFT	MPXV_3000_17_RIGHT
MPXV_3000_18_LEFT	MPXV_3000_18_RIGHT
MPXV_3000_19_LEFT	MPXV_3000_19_RIGHT
MPXV_3000_20_LEFT	MPXV_3000_20_RIGHT
MPXV_3000_21_LEFT	MPXV_3000_21_RIGHT
MPXV_3000_22_LEFT	MPXV_3000_22_RIGHT
MPXV_3000_23_LEFT	MPXV_3000_23_RIGHT
MPXV_3000_24_LEFT	MPXV_3000_24_RIGHT
MPXV_3000_25_LEFT	MPXV_3000_25_RIGHT
MPXV_3000_26_LEFT	MPXV_3000_26_RIGHT
MPXV_3000_27_LEFT	MPXV_3000_27_RIGHT
MPXV_3000_28_LEFT	MPXV_3000_28_RIGHT
MPXV_3000_29_LEFT	MPXV_3000_29_RIGHT
MPXV_3000_30_LEFT	MPXV_3000_30_RIGHT
MPXV_3000_31_LEFT	MPXV_3000_31_RIGHT
MPXV_3000_32_LEFT	MPXV_3000_32_RIGHT
MPXV_3000_33_LEFT	MPXV_3000_33_RIGHT
MPXV_3000_34_LEFT	MPXV_3000_34_RIGHT
MPXV_3000_35_LEFT	MPXV_3000_35_RIGHT
MPXV_3000_36_LEFT	MPXV_3000_36_RIGHT
MPXV_3000_37_LEFT	MPXV_3000_37_RIGHT
MPXV_3000_38_LEFT	MPXV_3000_38_RIGHT
MPXV_3000_39_LEFT	MPXV_3000_39_RIGHT
MPXV_3000_40_LEFT	MPXV_3000_40_RIGHT
MPXV_3000_41_LEFT	MPXV_3000_41_RIGHT
MPXV_3000_42_LEFT	MPXV_3000_42_RIGHT
MPXV_3000_43_LEFT	MPXV_3000_43_RIGHT
MPXV_3000_44_LEFT	MPXV_3000_44_RIGHT
MPXV_3000_45_LEFT	MPXV_3000_45_RIGHT
MPXV_3000_46_LEFT	MPXV_3000_46_RIGHT
MPXV_3000_47_LEFT	MPXV_3000_47_RIGHT
MPXV_3000_48_LEFT	MPXV_3000_48_RIGHT
MPXV_3000_49_LEFT	MPXV_3000_49_RIGHT
MPXV_3000_50_LEFT	MPXV_3000_50_RIGHT
MPXV_3000_51_LEFT	MPXV_3000_51_RIGHT
MPXV_3000_52_LEFT	MPXV_3000_52_RIGHT
MPXV_3000_53_LEFT	MPXV_3000_53_RIGHT
MPXV_3000_54_LEFT	MPXV_3000_54_RIGHT
MPXV_3000_55_LEFT	MPXV_3000_55_RIGHT
MPXV_3000_56_LEFT	MPXV_3000_56_RIGHT
MPXV_3000_57_LEFT	MPXV_3000_57_RIGHT
MPXV_3000_58_LEFT	MPXV_3000_58_RIGHT
MPXV_3000_59_LEFT	MPXV_3000_59_RIGHT
MPXV_3000_60_LEFT	MPXV_3000_60_RIGHT
MPXV_3000_61_LEFT	MPXV_3000_61_RIGHT
MPXV_3000_62_LEFT	MPXV_3000_62_RIGHT
MPXV_3000_63_LEFT	MPXV_3000_63_RIGHT
MPXV_3000_64_LEFT	MPXV_3000_64_RIGHT
MPXV_3000_65_LEFT	MPXV_3000_65_RIGHT
MPXV_3000_66_LEFT	MPXV_3000_66_RIGHT
MPXV_3000_67_LEFT	MPXV_3000_67_RIGHT
MPXV_3000_68_LEFT	MPXV_3000_68_RIGHT
MPXV_3000_69_LEFT	MPXV_3000_69_RIGHT
MPXV_3000_70_LEFT	MPXV_3000_70_RIGHT
MPXV_3000_71_LEFT	MPXV_3000_71_RIGHT
MPXV_3000_72_LEFT	MPXV_3000_72_RIGHT
MPXV_3000_73_LEFT	MPXV_3000_73_RIGHT
MPXV_3000_74_LEFT	MPXV_3000_74_RIGHT
MPXV_3000_75_LEFT	MPXV_3000_75_RIGHT
MPXV_3000_76_LEFT	MPXV_3000_76_RIGHT
MPXV_3000_77_LEFT	MPXV_3000_77_RIGHT
MPXV_3000_78_LEFT	MPXV_3000_78_RIGHT
MPXV_3000_79_LEFT	MPXV_3000_79_RIGHT
MPXV_3000_80_LEFT	MPXV_3000_80_RIGHT
MPXV_3000_81_LEFT	MPXV_3000_81_RIGHT
MPXV_3000_82_LEFT	MPXV_3000_82_RIGHT
